iso3,country,speeches,total_mentions,mean_mentions_per_1000,first_year,last_year,share_first,share_last,slope_pp_per_year,change_pp
BRA,Brazil,11,25,1.0990276829223726,2015,2025,72.34254,62.31557,-0.9310215454545142,-10.026969999999999
AUS,Australia,11,27,1.033658293627349,2015,2025,97.05623,92.11152,-0.5289302727272669,-4.944710000000001
NOR,Norway,11,14,0.7336147370474894,2015,2025,54.03808,46.9102,-0.7149762727272582,-7.1278799999999976
KAZ,Kazakhstan,11,15,0.6925342919464768,2015,2025,98.47584,98.065865,-0.041514209090910845,-0.40997500000000286
ARE,United Arab Emirates,11,9,0.44029155313272084,2015,2025,99.97541,90.47492,-1.125525354545443,-9.50049
ZAF,South Africa,11,8,0.3760183700870525,2015,2025,96.791794,95.2682,-0.09610936363637063,-1.5235940000000028
IDN,Indonesia,11,4,0.2943972454712989,2015,2025,93.63239,88.31945,-0.5986593454545301,-5.3129399999999976
SAU,Saudi Arabia,11,6,0.2370930739994324,2015,2025,99.9985,99.40821,-0.04435185454545428,-0.5902900000000102
QAT,Qatar,11,5,0.2252797800598053,2015,2025,99.93817,99.3744,-0.04647440909091033,-0.5637700000000052
IRQ,Iraq,11,5,0.20559465926289608,2017,2019,99.62378,99.20493,-0.20942500000000172,-0.41884999999999195
KWT,Kuwait,11,2,0.09712509712509715,2015,2025,99.99891,99.98068,-0.002923572727277053,-0.018229999999988422
MEX,Mexico,11,1,0.05783021050196623,2015,2025,93.01486,92.9105,-0.0685050727272715,-0.10435999999999979
IRN,"Iran, Islamic Rep.",11,1,0.027775463155848123,2015,2025,99.12335,99.138695,0.012000127272721733,0.01534499999999639
DZA,Algeria,11,0,0.0,2015,2025,99.96403,99.91356,-0.0032269090909125887,-0.05046999999999002
RUS,Russian Federation,11,0,0.0,2015,2025,90.10566,89.8233,-0.0408968818181842,-0.28235999999999706
