iso3,country,top_producer,speeches,total_mentions,share_mentioning,mentions_per_1k,first_year,last_year,fossil_share_first,fossil_share_last,fossil_share_mean,fossil_trend_pp_per_year,fossil_share_change
ARE,United Arab Emirates,True,11,9,0.6363636363636364,0.4402915531327208,2015,2025,99.97541,90.47492,96.61350945454545,-1.1255253545454544,-9.50049
ARG,Argentina,False,11,8,0.45454545454545453,0.3874758129589866,2015,2025,91.97601,88.010315,90.51640081818182,-0.3916677727272725,-3.9656949999999966
AUS,Australia,True,11,27,0.6363636363636364,1.033658293627349,2015,2025,97.05623,92.11152,94.91542227272727,-0.5289302727272734,-4.944710000000001
AUT,Austria,False,11,1,0.09090909090909091,0.06709158000670916,2015,2025,80.67245,75.32314,78.40230781818182,-0.6456978454545454,-5.349310000000003
AZE,Azerbaijan,False,11,20,0.45454545454545453,0.6893138466273534,2015,2025,98.8628,98.00593,98.75072681818182,-0.04635009090908992,-0.8568699999999865
BEL,Belgium,False,11,16,0.36363636363636365,0.8523157679861616,2015,2025,83.519455,80.999146,78.25854909090909,-0.2823882818181814,-2.5203089999999975
BGD,Bangladesh,False,11,2,0.18181818181818182,0.048270222033396926,2015,2025,99.67125,99.53809,99.66680772727273,-0.010465727272726998,-0.13316000000000372
BGR,Bulgaria,False,11,3,0.18181818181818182,0.1673782224274126,2015,2025,73.47727,66.46689,69.640698,-0.775931218181818,-7.010379999999998
BLR,Belarus,False,11,1,0.09090909090909091,0.03992494111071187,2015,2025,99.74877,82.78912,94.60107381818183,-1.7996919454545455,-16.959649999999996
BRA,Brazil,True,11,25,0.7272727272727273,1.0990276829223729,2015,2025,72.34254,62.31557,66.77509981818183,-0.9310215454545455,-10.026969999999999
CAN,Canada,False,11,4,0.36363636363636365,0.19545097933045555,2015,2025,77.139755,78.05161,77.02612309090908,0.10633148181818178,0.9118550000000027
CHE,Switzerland,False,11,2,0.09090909090909091,0.14522218995062444,2015,2025,58.723522,56.619236,56.510622818181815,-0.552444790909091,-2.104286000000002
CHL,Chile,False,11,23,0.7272727272727273,0.7209994251107572,2015,2025,88.035736,81.63268,84.90463972727274,-0.7579926454545458,-6.4030560000000065
CHN,China,False,11,15,0.6363636363636364,0.7092318853211032,2015,2025,93.9031,87.54564,90.98754054545454,-0.5597393818181813,-6.357459999999989
COL,Colombia,False,11,20,0.6363636363636364,0.6230295147287014,2015,2025,86.3993,81.39599,84.8102600909091,-0.29594818181818167,-5.003309999999999
CZE,Czechia,False,11,7,0.18181818181818182,0.2629912530368275,2015,2025,78.11987,70.19163,75.06452863636365,-0.8770973181818185,-7.928240000000002
DEU,Germany,False,11,3,0.18181818181818182,0.13268719562425854,2015,2025,83.09927,84.83469,83.53389681818182,0.13632031818181828,1.7354199999999906
DNK,Denmark,False,11,16,0.45454545454545453,0.9912732448085474,2015,2025,82.86271,66.05192,74.728294,-1.7531727636363645,-16.81079000000001
DZA,Algeria,True,11,0,0.0,0.0,2015,2025,99.96403,99.91356,99.91077999999999,-0.0032269090909090117,-0.05046999999999002
ECU,Ecuador,False,11,1,0.09090909090909091,0.03870118812647549,2015,2025,91.186554,84.83236,86.16377672727273,-0.39554500000000004,-6.354194000000007
EGY,Egypt,False,11,8,0.45454545454545453,0.3142155692462182,2015,2025,98.35326,96.9054,97.84172027272729,-0.14922428181818206,-1.4478600000000057
ESP,Spain,False,11,18,0.7272727272727273,0.49622787328767226,2015,2025,79.40433,74.42343,76.86699318181819,-0.6248445000000002,-4.980900000000005
EST,Estonia,False,11,9,0.2727272727272727,0.46131857550768596,2015,2025,95.01819,86.52007,90.74562445454545,-0.9018884181818179,-8.49812
FIN,Finland,False,11,4,0.36363636363636365,0.26679699110180444,2015,2025,58.046288,41.53377,51.73867809090909,-2.0405830090909087,-16.512518
FRA,France,False,11,17,0.9090909090909091,0.49986341033265924,2015,2025,49.104675,44.6191,49.492852181818186,-0.41595176363636355,-4.485574999999997
GBR,United Kingdom of Great Britain and Northern Ireland,False,11,16,0.36363636363636365,0.5801972806108456,2015,2025,83.46655,78.875755,80.85237136363637,-0.45224677272727265,-4.590795
GRC,Greece,False,11,8,0.45454545454545453,0.323061692505337,2015,2025,94.016304,89.63744,91.86350263636363,-0.590643818181819,-4.378864000000007
HRV,Croatia,False,11,16,0.5454545454545454,0.7207616049658069,2015,2025,89.41871,85.63198,86.05591718181819,-0.5559637090909094,-3.7867300000000057
HUN,Hungary,False,11,0,0.0,0.0,2015,2025,77.491,72.11178,76.50253418181818,-0.5786206090909092,-5.379220000000004
IDN,Indonesia,True,11,4,0.18181818181818182,0.2943972454712989,2015,2025,93.63239,88.31945,88.95473318181818,-0.5986593454545451,-5.3129399999999976
IND,India,False,11,3,0.2727272727272727,0.17588169599370673,2015,2025,95.42081,92.99307,94.49805363636364,-0.22771336363636346,-2.42774
IRL,Ireland,False,11,1,0.09090909090909091,0.027523188286131064,2015,2025,93.583626,85.98763,90.18260981818182,-0.774366527272727,-7.5959959999999995
IRN,Iran (Islamic Republic of),True,11,1,0.09090909090909091,0.027775463155848123,2015,2025,99.12335,99.138695,98.86505645454545,0.012000127272727019,0.01534499999999639
IRQ,Iraq,True,11,5,0.36363636363636365,0.20559465926289608,2017,2019,99.62378,99.20493,99.49169333333333,,-0.41884999999999195
ISR,Israel,False,11,2,0.18181818181818182,0.06919064567721546,2015,2025,99.42404,94.56493,97.80757090909091,-0.4463513636363635,-4.859110000000001
ITA,Italy,False,11,11,0.5454545454545454,0.4347351193131002,2015,2025,87.35737,84.525635,86.50212954545454,-0.2569555909090918,-2.831735000000009
JPN,Japan,False,11,10,0.2727272727272727,0.42320738911658967,2015,2025,95.24418,85.67848,90.75656990909091,-0.932650718181819,-9.565700000000007
KAZ,Kazakhstan,True,11,15,0.7272727272727273,0.6925342919464769,2015,2025,98.47584,98.065865,98.33556445454546,-0.041514209090909374,-0.40997500000000286
KOR,Republic of Korea,False,11,28,0.7272727272727273,1.3241528926623856,2015,2025,84.17619,81.26977,83.83527463636364,-0.4684091454545455,-2.9064200000000113
KWT,Kuwait,True,11,2,0.09090909090909091,0.09712509712509715,2015,2025,99.99891,99.98068,99.97864563636364,-0.0029235727272724043,-0.018229999999988422
LTU,Lithuania,False,11,11,0.45454545454545453,0.6296570436502148,2015,2025,94.55026,81.718376,90.82088072727274,-1.1340121636363634,-12.831883999999988
LUX,Luxembourg,False,11,5,0.18181818181818182,0.1361600746815695,2015,2025,96.168335,90.36173,92.77345863636364,-0.6817432363636361,-5.806605000000005
LVA,Latvia,False,11,6,0.36363636363636365,0.35388078663749756,2015,2025,87.99802,80.10498,83.73627636363636,-0.6965384545454547,-7.893039999999999
MAR,Morocco,False,11,8,0.45454545454545453,0.37459528733453723,2015,2025,97.93334,95.826485,97.01526772727271,-0.2113906999999995,-2.106854999999996
MEX,Mexico,True,11,1,0.09090909090909091,0.05783021050196623,2015,2025,93.01486,92.9105,92.89171736363636,-0.06850507272727306,-0.10435999999999979
MKD,North Macedonia,False,11,2,0.18181818181818182,0.09387315364121786,2015,2025,92.0472,87.01913,92.41464145454546,-0.36355725454545407,-5.02807
MYS,Malaysia,False,11,8,0.2727272727272727,0.3837447657377131,2015,2025,98.07471,95.25908,96.43666854545455,-0.2767582909090906,-2.8156299999999987
NLD,Netherlands (Kingdom of the),False,11,4,0.2727272727272727,0.19620129746277445,2015,2025,96.07143,88.00492,92.45072181818182,-0.9765209545454553,-8.066510000000008
NOR,Norway,True,11,14,0.6363636363636364,0.7336147370474894,2015,2025,54.03808,46.9102,51.29799545454546,-0.714976272727273,-7.1278799999999976
NZL,New Zealand,False,11,7,0.36363636363636365,0.2927466955549594,2015,2025,58.964394,49.536633,56.120915363636364,-0.8986955636363636,-9.427760999999997
OMN,Oman,False,11,7,0.36363636363636365,0.6390540392496168,2015,2025,99.99891,98.945595,99.74199918181817,-0.09150302727272762,-1.0533149999999978
PAK,Pakistan,False,11,2,0.18181818181818182,0.09441709862489288,2015,2025,93.922104,82.43932,89.76479727272728,-1.188411181818182,-11.48278400000001
PER,Peru,False,11,3,0.09090909090909091,0.14537701104865283,2015,2025,86.803345,84.818985,85.59054954545455,-0.1431930454545445,-1.9843599999999952
PHL,Philippines,False,11,2,0.18181818181818182,0.08021542585765816,2015,2025,75.31208,80.8692,79.15055863636363,0.48175059090909134,5.557120000000012
POL,Poland,False,11,8,0.2727272727272727,0.26420482335225176,2015,2025,95.38572,91.6688,94.53109772727272,-0.45193899999999987,-3.716920000000002
PRT,Portugal,False,11,10,0.45454545454545453,0.5720959201495522,2015,2025,85.644516,75.40865,81.45307472727274,-1.1326619000000002,-10.235866000000001
QAT,Qatar,True,11,5,0.2727272727272727,0.2252797800598053,2015,2025,99.93817,99.3744,99.81880545454545,-0.04647440909090919,-0.5637700000000052
ROU,Romania,False,11,10,0.45454545454545453,0.7201032241023421,2015,2025,81.22384,80.13228,80.86004672727273,-0.18381370909090902,-1.0915600000000012
RUS,Russian Federation,True,11,0,0.0,0.0,2015,2025,90.10566,89.8233,89.66062045454545,-0.040896881818181505,-0.28235999999999706
SAU,Saudi Arabia,True,11,6,0.2727272727272727,0.2370930739994324,2015,2025,99.9985,99.40821,99.88864372727272,-0.044351854545454275,-0.5902900000000102
SGP,Singapore,False,10,9,0.4,0.47759023456975436,2015,2025,99.73131,99.59212,99.696824,-0.017143254545455153,-0.13918999999999926
SVK,Slovakia,False,11,14,0.6363636363636364,1.0725932625509447,2015,2025,68.6696,61.979324,67.22194036363636,-0.7956958636363639,-6.690276000000004
SVN,Slovenia,False,11,3,0.09090909090909091,0.21593608291945585,2015,2025,68.19968,63.18969,66.03468881818182,-0.6438704727272733,-5.009990000000002
SWE,Sweden,False,11,7,0.5454545454545454,0.3763532678568295,2015,2025,37.74745,36.930458,35.978866363636364,-0.1554915909090908,-0.816991999999999
THA,Thailand,False,11,9,0.2727272727272727,0.45096601983679213,2015,2025,95.18109,92.173935,92.76194545454545,-0.3725504545454549,-3.0071549999999974
TTO,Trinidad and Tobago,False,11,7,0.45454545454545453,0.2575627412519497,2015,2025,99.99718,99.90252,99.98799781818182,-0.00437839999999971,-0.09466000000000463
TUR,Türkiye,False,11,5,0.2727272727272727,0.1283931440369887,2015,2025,92.01591,85.901405,88.11844327272728,-0.6941601909090914,-6.114505000000008
UKR,Ukraine,False,11,2,0.18181818181818182,0.05916612361565558,2015,2025,73.48125,72.216064,72.40853563636364,-0.3887905818181817,-1.265186
USA,United States of America,False,11,16,0.5454545454545454,0.3156500642043538,2015,2025,85.1754,83.17084,84.0059909090909,-0.1908424363636358,-2.004559999999998
UZB,Uzbekistan,False,9,8,0.4444444444444444,0.5621502934446387,2015,2025,98.70124,97.15563,98.56713254545456,-0.09137500909090916,-1.5456099999999964
VEN,Venezuela (Bolivarian Republic of),False,11,0,0.0,0.0,2015,2025,91.10007,86.980286,88.21494054545455,-0.5176581818181816,-4.119783999999996
VNM,Viet Nam,False,11,6,0.36363636363636365,0.3920216250896555,2015,2025,91.77062,88.20796,90.01745145454545,-0.32893214545454535,-3.562659999999994
ZAF,South Africa,True,11,8,0.45454545454545453,0.3760183700870525,2015,2025,96.791794,95.2682,96.03116745454545,-0.09610936363636362,-1.5235940000000028
